
INSERT INTO tbl_client(Id, CategoryId, ClientName, ClientNumber, ClientEmail, CompanyName, CompanyAddress, CompanyNumber, CompanyEmail, GSTIN, PANNo, IsActive, SessionId, TransactionDate) VALUES
(1, 1, 'Narayana Murthy', NULL, NULL, 'Infosys Limited', NULL, NULL, NULL, NULL, NULL, True, 'DEVELOPER', IST_NOW()),
(2, 2, 'K. Krithivasan', NULL, NULL, 'Tata Consultancy Services Limited', NULL, NULL, NULL, NULL, NULL, True, 'DEVELOPER', IST_NOW());

INSERT INTO tbl_client_category(Id, CategoryName, CategoryDetails, IsActive, SessionId, TransactionDate) VALUES
(1, 'Paid Client', 'Paid Client', True, 'DEVELOPER', IST_NOW()),
(2, 'Free Client', 'Free Client', True, 'DEVELOPER', IST_NOW());

INSERT INTO tbl_licence_type(Id, TypeName, LicenceTypeDetails, NumberOfLicence, IsScalingEligible, IsActive, TransactionDate, SessionId) VALUES
(1, 'Community Edition', 'Community Edition', 0, False, True, IST_NOW(), 'DEVELOPER'),
(2, 'Basic Edition', 'Basic Edition', 0, False, True, IST_NOW(), 'DEVELOPER');

INSERT INTO tbl_license_parameter(Id, ParameterId, LicenseTypeId, IsActive, SessionId, TransactionDate) VALUES
(1, 1, 2, True, 'DEVELOPER', IST_NOW()),
(2, 2, 2, True, 'DEVELOPER', IST_NOW()),
(3, 3, 2, True, 'DEVELOPER', IST_NOW()),
(4, 1, 1, True, 'DEVELOPER', IST_NOW()),
(5, 3, 1, True, 'DEVELOPER', IST_NOW());

INSERT INTO tbl_parameters(Id, FieldName, DataType, IsRequired, Fieldlength, ListData, SessionId, TransactionDate, IsActive) VALUES
(1, 'NoOfUser', '1', True, '2', NULL, 'DEVELOPER', IST_NOW(), True),
(2, 'AzureIntegration', '1', True, '1', NULL, 'DEVELOPER', IST_NOW(), True),
(3, 'FreeLoginValidity', '5', True, NULL, NULL, 'DEVELOPER', IST_NOW(), True);

INSERT INTO tbl_password(Id, UserId, PasswordHash, IsActive, ActivationDate, PasswordSalt, SessionId, TransactionDate, PasswordText, IsChangeable) VALUES
(2, 2, 'rKtOrO1VqO91aeiyo90Cu8rcOO63AFivR6BDSMv29pg=', True, IST_NOW(), 's2aVLJK1KNQkAvoNtBTqzzEFArU3ljwL1dIz0v1F+cDNcrG0fdImOuKh/SA/t8XGzqG2kdTUau+Hf3AWkQGv4w==', 'DEVELOPER', IST_NOW(), NULL, False),
(3, 3, 'rKtOrO1VqO91aeiyo90Cu8rcOO63AFivR6BDSMv29pg=', True, IST_NOW(), 's2aVLJK1KNQkAvoNtBTqzzEFArU3ljwL1dIz0v1F+cDNcrG0fdImOuKh/SA/t8XGzqG2kdTUau+Hf3AWkQGv4w==', 'DEVELOPER', IST_NOW(), NULL, False),
(4, 4, 'rKtOrO1VqO91aeiyo90Cu8rcOO63AFivR6BDSMv29pg=', True, IST_NOW(), 's2aVLJK1KNQkAvoNtBTqzzEFArU3ljwL1dIz0v1F+cDNcrG0fdImOuKh/SA/t8XGzqG2kdTUau+Hf3AWkQGv4w==', 'DEVELOPER', IST_NOW(), NULL, False),
(5, 5, 'rKtOrO1VqO91aeiyo90Cu8rcOO63AFivR6BDSMv29pg=', True, IST_NOW(), 's2aVLJK1KNQkAvoNtBTqzzEFArU3ljwL1dIz0v1F+cDNcrG0fdImOuKh/SA/t8XGzqG2kdTUau+Hf3AWkQGv4w==', 'DEVELOPER', IST_NOW(), NULL, False),
(6, 6, 'rKtOrO1VqO91aeiyo90Cu8rcOO63AFivR6BDSMv29pg=', True, IST_NOW(), 's2aVLJK1KNQkAvoNtBTqzzEFArU3ljwL1dIz0v1F+cDNcrG0fdImOuKh/SA/t8XGzqG2kdTUau+Hf3AWkQGv4w==', 'DEVELOPER', IST_NOW(), NULL, False),
(7, 7, 'rKtOrO1VqO91aeiyo90Cu8rcOO63AFivR6BDSMv29pg=', True, IST_NOW(), 's2aVLJK1KNQkAvoNtBTqzzEFArU3ljwL1dIz0v1F+cDNcrG0fdImOuKh/SA/t8XGzqG2kdTUau+Hf3AWkQGv4w==', 'DEVELOPER', IST_NOW(), NULL, False);

INSERT INTO tbl_product(Id, ProductName, ProductDetails, IsActive, SessionId, TransactionDate) VALUES
(1, 'Microsoft SQL Server', 'Microsoft SQL Server', True, 'DEVELOPER', IST_NOW()),
(2, 'Visual Studio', 'Visual Studio', True, 'DEVELOPER', IST_NOW());

INSERT INTO tbl_product_features(Id, ProductId, FeaturesName, FeaturesDetails, IsActive, SessionId, TransactionDate) VALUES
(1, 2, 'C# Language', 'C# Language', True, 'DEVELOPER', IST_NOW()),
(2, 2, 'F# Language', 'F# Language', True, 'DEVELOPER', IST_NOW()),
(3, 2, 'Node JS', 'Node JS', True, 'DEVELOPER', IST_NOW()),
(4, 1, 'Azure extension for SQL Server', 'Azure extension for SQL Server', True, 'DEVELOPER', IST_NOW()),
(5, 1, 'Link feature for SQL Managed Instance', 'Link feature for SQL Managed Instance', True, 'DEVELOPER', IST_NOW()),
(6, 1, 'Snapshot backup', 'Snapshot backup', True, 'DEVELOPER', IST_NOW()),
(7, 2, 'Python Language', 'Python Language', True, 'DEVELOPER', IST_NOW());

INSERT INTO tbl_user(Id, UserTypeId, FullName, UserName, Email, Mobile, Address, Designation, IsActive, SessionId, TransactionDate) VALUES
(2, 6, 'Admin 2', 'admin2', 'admin2@domain.com', '9999999999', NULL, NULL, True, 'DEVELOPER', IST_NOW()),
(3, 4, 'Admin 4', 'admin4', 'admin4@domain.com', '7777777777', NULL, NULL, True, 'DEVELOPER', IST_NOW()),
(4, 5, 'Admin 3', 'admin3', 'admin3@domain.com', '8888888888', NULL, NULL, True, 'DEVELOPER', IST_NOW()),
(5, 2, 'Admin 6', 'admin6', 'admin6@domain.com', '5555555555', NULL, NULL, True, 'DEVELOPER', IST_NOW()),
(6, 3, 'Admin 5', 'admin5', 'admin5@domain.com', '6666666666', NULL, NULL, True, 'DEVELOPER', IST_NOW()),
(7, 3, 'Admin 5-a', 'admin5a', 'admin5a@domain.com', '4544444444', NULL, NULL, True, 'DEVELOPER', IST_NOW());

INSERT INTO tbl_userdashboard(Id, DashboardId, UserTypeId, IsActive, SessionId, TransactionDate) VALUES
(1, 1, 1, True, 'DEVELOPER', IST_NOW()),
(2, 2, 1, True, 'DEVELOPER', IST_NOW()),
(3, 3, 1, True, 'DEVELOPER', IST_NOW()),
(4, 4, 1, True, 'DEVELOPER', IST_NOW()),
(5, 1, 6, True, 'DEVELOPER', IST_NOW()),
(6, 2, 6, True, 'DEVELOPER', IST_NOW()),
(7, 3, 6, True, 'DEVELOPER', IST_NOW()),
(8, 4, 6, True, 'DEVELOPER', IST_NOW()),
(9, 1, 5, True, 'DEVELOPER', IST_NOW()),
(10, 2, 5, True, 'DEVELOPER', IST_NOW()),
(11, 3, 5, True, 'DEVELOPER', IST_NOW()),
(12, 4, 5, True, 'DEVELOPER', IST_NOW()),
(13, 1, 4, True, 'DEVELOPER', IST_NOW()),
(14, 2, 4, True, 'DEVELOPER', IST_NOW()),
(15, 3, 4, True, 'DEVELOPER', IST_NOW()),
(16, 4, 4, True, 'DEVELOPER', IST_NOW()),
(17, 1, 3, True, 'DEVELOPER', IST_NOW()),
(18, 2, 3, True, 'DEVELOPER', IST_NOW()),
(19, 3, 3, True, 'DEVELOPER', IST_NOW()),
(20, 4, 3, True, 'DEVELOPER', IST_NOW()),
(21, 1, 2, True, 'DEVELOPER', IST_NOW()),
(22, 2, 2, True, 'DEVELOPER', IST_NOW()),
(23, 3, 2, True, 'DEVELOPER', IST_NOW()),
(24, 4, 2, True, 'DEVELOPER', IST_NOW());

INSERT INTO tbl_usermenu(Id, MenuId, UserId, UserTypeId, IsActive, SessionId, TransactionDate) VALUES
(2, 2, NULL, 1, True, 'DEVELOPER', IST_NOW()),
(3, 3, NULL, 1, True, 'DEVELOPER', IST_NOW()),
(4, 4, NULL, 1, True, 'DEVELOPER', IST_NOW()),
(5, 5, NULL, 1, True, 'DEVELOPER', IST_NOW()),
(6, 6, NULL, 1, True, 'DEVELOPER', IST_NOW()),
(7, 7, NULL, 1, True, 'DEVELOPER', IST_NOW()),
(8, 8, NULL, 1, True, 'DEVELOPER', IST_NOW()),
(9, 9, NULL, 1, True, 'DEVELOPER', IST_NOW()),
(10, 10, NULL, 1, True, 'DEVELOPER', IST_NOW()),
(11, 11, NULL, 1, True, 'DEVELOPER', IST_NOW()),
(12, 12, NULL, 1, True, 'DEVELOPER', IST_NOW()),
(13, 13, NULL, 1, True, 'DEVELOPER', IST_NOW()),
(14, 14, NULL, 1, True, 'DEVELOPER', IST_NOW()),
(15, 15, NULL, 1, True, 'DEVELOPER', IST_NOW()),
(16, 16, NULL, 1, True, 'DEVELOPER', IST_NOW()),
(17, 17, NULL, 1, True, 'DEVELOPER', IST_NOW()),
(18, 18, NULL, 1, True, 'DEVELOPER', IST_NOW()),
(19, 19, NULL, 1, True, 'DEVELOPER', IST_NOW()),
(20, 20, NULL, 1, True, 'DEVELOPER', IST_NOW()),
(21, 21, NULL, 1, True, 'DEVELOPER', IST_NOW()),
(22, 22, NULL, 1, True, 'DEVELOPER', IST_NOW()),
(23, 23, NULL, 1, True, 'DEVELOPER', IST_NOW()),
(24, 2, NULL, 6, True, 'DEVELOPER', IST_NOW()),
(25, 3, NULL, 6, True, 'DEVELOPER', IST_NOW()),
(26, 4, NULL, 6, True, 'DEVELOPER', IST_NOW()),
(27, 5, NULL, 6, True, 'DEVELOPER', IST_NOW()),
(28, 6, NULL, 6, True, 'DEVELOPER', IST_NOW()),
(29, 7, NULL, 6, True, 'DEVELOPER', IST_NOW()),
(30, 8, NULL, 6, True, 'DEVELOPER', IST_NOW()),
(31, 9, NULL, 6, True, 'DEVELOPER', IST_NOW()),
(32, 10, NULL, 6, True, 'DEVELOPER', IST_NOW()),
(33, 11, NULL, 6, True, 'DEVELOPER', IST_NOW()),
(34, 12, NULL, 6, True, 'DEVELOPER', IST_NOW()),
(35, 13, NULL, 6, True, 'DEVELOPER', IST_NOW()),
(36, 14, NULL, 6, True, 'DEVELOPER', IST_NOW()),
(37, 15, NULL, 6, True, 'DEVELOPER', IST_NOW()),
(38, 16, NULL, 6, True, 'DEVELOPER', IST_NOW()),
(39, 17, NULL, 6, True, 'DEVELOPER', IST_NOW()),
(40, 18, NULL, 6, True, 'DEVELOPER', IST_NOW()),
(41, 19, NULL, 6, True, 'DEVELOPER', IST_NOW()),
(42, 20, NULL, 6, True, 'DEVELOPER', IST_NOW()),
(43, 21, NULL, 6, True, 'DEVELOPER', IST_NOW()),
(44, 22, NULL, 6, True, 'DEVELOPER', IST_NOW()),
(45, 23, NULL, 6, True, 'DEVELOPER', IST_NOW()),
(46, 2, NULL, 5, True, 'DEVELOPER', IST_NOW()),
(47, 3, NULL, 5, True, 'DEVELOPER', IST_NOW()),
(48, 4, NULL, 5, True, 'DEVELOPER', IST_NOW()),
(49, 5, NULL, 5, True, 'DEVELOPER', IST_NOW()),
(50, 6, NULL, 5, True, 'DEVELOPER', IST_NOW()),
(51, 7, NULL, 5, True, 'DEVELOPER', IST_NOW()),
(52, 8, NULL, 5, True, 'DEVELOPER', IST_NOW()),
(53, 9, NULL, 5, True, 'DEVELOPER', IST_NOW()),
(54, 10, NULL, 5, True, 'DEVELOPER', IST_NOW()),
(55, 11, NULL, 5, True, 'DEVELOPER', IST_NOW()),
(56, 12, NULL, 5, True, 'DEVELOPER', IST_NOW()),
(57, 13, NULL, 5, True, 'DEVELOPER', IST_NOW()),
(58, 14, NULL, 5, True, 'DEVELOPER', IST_NOW()),
(59, 15, NULL, 5, True, 'DEVELOPER', IST_NOW()),
(60, 16, NULL, 5, True, 'DEVELOPER', IST_NOW()),
(61, 17, NULL, 5, True, 'DEVELOPER', IST_NOW()),
(62, 18, NULL, 5, True, 'DEVELOPER', IST_NOW()),
(63, 19, NULL, 5, True, 'DEVELOPER', IST_NOW()),
(64, 20, NULL, 5, True, 'DEVELOPER', IST_NOW()),
(65, 21, NULL, 5, True, 'DEVELOPER', IST_NOW()),
(66, 22, NULL, 5, True, 'DEVELOPER', IST_NOW()),
(67, 23, NULL, 5, True, 'DEVELOPER', IST_NOW()),
(68, 2, NULL, 4, True, 'DEVELOPER', IST_NOW()),
(69, 3, NULL, 4, True, 'DEVELOPER', IST_NOW()),
(70, 4, NULL, 4, True, 'DEVELOPER', IST_NOW()),
(71, 5, NULL, 4, True, 'DEVELOPER', IST_NOW()),
(72, 6, NULL, 4, True, 'DEVELOPER', IST_NOW()),
(73, 7, NULL, 4, True, 'DEVELOPER', IST_NOW()),
(74, 8, NULL, 4, True, 'DEVELOPER', IST_NOW()),
(75, 9, NULL, 4, True, 'DEVELOPER', IST_NOW()),
(76, 10, NULL, 4, True, 'DEVELOPER', IST_NOW()),
(77, 11, NULL, 4, True, 'DEVELOPER', IST_NOW()),
(78, 12, NULL, 4, True, 'DEVELOPER', IST_NOW()),
(79, 13, NULL, 4, True, 'DEVELOPER', IST_NOW()),
(80, 14, NULL, 4, True, 'DEVELOPER', IST_NOW()),
(81, 15, NULL, 4, True, 'DEVELOPER', IST_NOW()),
(82, 16, NULL, 4, True, 'DEVELOPER', IST_NOW()),
(83, 17, NULL, 4, True, 'DEVELOPER', IST_NOW()),
(84, 18, NULL, 4, True, 'DEVELOPER', IST_NOW()),
(85, 19, NULL, 4, True, 'DEVELOPER', IST_NOW()),
(86, 20, NULL, 4, True, 'DEVELOPER', IST_NOW()),
(87, 21, NULL, 4, True, 'DEVELOPER', IST_NOW()),
(88, 22, NULL, 4, True, 'DEVELOPER', IST_NOW()),
(89, 23, NULL, 4, True, 'DEVELOPER', IST_NOW()),
(90, 2, NULL, 3, True, 'DEVELOPER', IST_NOW()),
(91, 3, NULL, 3, True, 'DEVELOPER', IST_NOW()),
(92, 4, NULL, 3, True, 'DEVELOPER', IST_NOW()),
(93, 5, NULL, 3, True, 'DEVELOPER', IST_NOW()),
(94, 6, NULL, 3, True, 'DEVELOPER', IST_NOW()),
(95, 7, NULL, 3, True, 'DEVELOPER', IST_NOW()),
(96, 8, NULL, 3, True, 'DEVELOPER', IST_NOW()),
(97, 9, NULL, 3, True, 'DEVELOPER', IST_NOW()),
(98, 10, NULL, 3, True, 'DEVELOPER', IST_NOW()),
(99, 11, NULL, 3, True, 'DEVELOPER', IST_NOW()),
(100, 12, NULL, 3, True, 'DEVELOPER', IST_NOW()),
(101, 13, NULL, 3, True, 'DEVELOPER', IST_NOW()),
(102, 14, NULL, 3, True, 'DEVELOPER', IST_NOW()),
(103, 15, NULL, 3, True, 'DEVELOPER', IST_NOW()),
(104, 16, NULL, 3, True, 'DEVELOPER', IST_NOW()),
(105, 17, NULL, 3, True, 'DEVELOPER', IST_NOW()),
(106, 18, NULL, 3, True, 'DEVELOPER', IST_NOW()),
(107, 19, NULL, 3, True, 'DEVELOPER', IST_NOW()),
(108, 20, NULL, 3, True, 'DEVELOPER', IST_NOW()),
(109, 21, NULL, 3, True, 'DEVELOPER', IST_NOW()),
(110, 22, NULL, 3, True, 'DEVELOPER', IST_NOW()),
(111, 23, NULL, 3, True, 'DEVELOPER', IST_NOW()),
(112, 2, NULL, 2, True, 'DEVELOPER', IST_NOW()),
(113, 3, NULL, 2, True, 'DEVELOPER', IST_NOW()),
(114, 4, NULL, 2, True, 'DEVELOPER', IST_NOW()),
(115, 5, NULL, 2, True, 'DEVELOPER', IST_NOW()),
(116, 6, NULL, 2, True, 'DEVELOPER', IST_NOW()),
(117, 7, NULL, 2, True, 'DEVELOPER', IST_NOW()),
(118, 8, NULL, 2, True, 'DEVELOPER', IST_NOW()),
(119, 9, NULL, 2, True, 'DEVELOPER', IST_NOW()),
(120, 10, NULL, 2, True, 'DEVELOPER', IST_NOW()),
(121, 11, NULL, 2, True, 'DEVELOPER', IST_NOW()),
(122, 12, NULL, 2, True, 'DEVELOPER', IST_NOW()),
(123, 13, NULL, 2, True, 'DEVELOPER', IST_NOW()),
(124, 14, NULL, 2, True, 'DEVELOPER', IST_NOW()),
(125, 15, NULL, 2, True, 'DEVELOPER', IST_NOW()),
(126, 16, NULL, 2, True, 'DEVELOPER', IST_NOW()),
(127, 17, NULL, 2, True, 'DEVELOPER', IST_NOW()),
(128, 18, NULL, 2, True, 'DEVELOPER', IST_NOW()),
(129, 19, NULL, 2, True, 'DEVELOPER', IST_NOW()),
(130, 20, NULL, 2, True, 'DEVELOPER', IST_NOW()),
(131, 21, NULL, 2, True, 'DEVELOPER', IST_NOW()),
(132, 22, NULL, 2, True, 'DEVELOPER', IST_NOW()),
(133, 23, NULL, 2, True, 'DEVELOPER', IST_NOW());

INSERT INTO tbl_usertype(Id, UserTypeName, UserTypeDetails, IsActive, TransactionDate, SessionId) VALUES
(2, 'Admin 6 ', 'Admin 6', True, IST_NOW(), 'DEVELOPER'),
(3, 'Admin 5 ', 'Admin 5', True, IST_NOW(), 'DEVELOPER'),
(4, 'Admin 4', 'Admin 4', True, IST_NOW(), 'DEVELOPER'),
(5, 'Admin 3', 'Admin 3', True, IST_NOW(), 'DEVELOPER'),
(6, 'Admin 2', 'Admin 2', True, IST_NOW(), 'DEVELOPER');

INSERT INTO tbl_wf_process(Id, LicenceTypeId, ProcessName, ProcessCode, IsInitial, IsEnd, Description, SessionId, TransactionDate, IsActive) VALUES
(1, 1, 'Process 1', 'FREE_PRO_1', True, False, NULL, 'DEVELOPER', IST_NOW(), True),
(2, 1, 'Process 2', 'FREE_PRO_2', False, False, NULL, 'DEVELOPER', IST_NOW(), True),
(3, 1, 'Process 3', 'FREE_PRO_3', False, True, NULL, 'DEVELOPER', IST_NOW(), True),
(4, 2, 'Process A', 'BAS_PRO_A', True, False, NULL, 'DEVELOPER', IST_NOW(), True),
(5, 2, 'Process B', 'BAS_PRO_B', False, False, NULL, 'DEVELOPER', IST_NOW(), True),
(6, 2, 'Process C', 'BAS_PRO_C', False, False, NULL, 'DEVELOPER', IST_NOW(), True),
(7, 2, 'Process D', 'BAS_PRO_D', False, True, NULL, 'DEVELOPER', IST_NOW(), True);

INSERT INTO tbl_wf_process_assign(Id, WFProcessId, StateId, FromUserTypeId, ToUserTypeId, IsActive, ActivityStartDate, ActivityEndDate, SessionId, TransactionDate) VALUES
(1, 1, 1, 6, 5, True, IST_NOW(), NULL, 'DEVELOPER', IST_NOW()),
(2, 2, 1, 5, 4, True, IST_NOW(), NULL, 'DEVELOPER', IST_NOW()),
(3, 2, 3, 5, 6, True, IST_NOW(), NULL, 'DEVELOPER', IST_NOW()),
(4, 2, 2, 5, 3, True, IST_NOW(), NULL, 'DEVELOPER', IST_NOW()),
(5, 3, 1, 4, 0, True, IST_NOW(), NULL, 'DEVELOPER', IST_NOW()),
(6, 3, 2, 6, 0, True, IST_NOW(), NULL, 'DEVELOPER', IST_NOW()),
(7, 3, 3, 3, 6, True, IST_NOW(), NULL, 'DEVELOPER', IST_NOW());